{
    "environment": "MountainCarContinuous-v0",
    "algorithm": "PPO",
    "seeds": 5,
    "performance": {
        "final_reward_mean": -0.00022030444473766824,
        "final_reward_std": 0.00021743549120968475,
        "final_reward_min": -0.0005186596564726,
        "final_reward_max": -6.9000066551278e-06
    }
}