{
    "environment": "MountainCarContinuous-v0",
    "algorithm": "SAC",
    "seeds": 5,
    "performance": {
        "final_reward_mean": -0.001094000322573277,
        "final_reward_std": 0.0006423972172078208,
        "final_reward_min": -0.0019872467386221,
        "final_reward_max": -9.645804333498435e-05
    }
}